"カテゴリ","優先度","領域","現状の仕様やUI","問題点・リスク","改善案","根拠ファイル"
"UXの改善点","高","トップページ導線","LINE査定とオンラインストアのリンクがダミーの#になっている","ユーザーが押しても目的ページに到達できず離脱や不信感につながる","本番URLを設定できる管理項目にする。未設定時は非活性または準備中表示にする","app/page.tsx"
"UXの改善点","中","トップページカード一覧","トップページは買取価格上位32件のみを表示している","全件一覧と誤解される可能性があり目的のカードが見つからないと感じやすい","見出しを高価買取カード例にする。全件検索はカート買取ページへ誘導する","app/page.tsx; app/components/HomeCardSection.tsx"
"UXの改善点","中","トップページカード一覧","ポケモンとワンピースのカテゴリボタンは両方OFFにできる","両方OFFにするとカードが消えた理由が分かりづらい","最低1カテゴリは必ず有効にするか空状態で全カテゴリに戻すボタンを出す","app/components/HomeCardSection.tsx"
"UXの改善点","中","トップページカード一覧","カード画像URLが重複している場合はプレースホルダー表示にしている","画像が登録されているのにユーザーにはNO IMAGEに見える。原因が管理側にも伝わりにくい","管理画面で重複画像の警告を出しユーザー画面ではできるだけ登録画像を表示する","app/components/HomeCardSection.tsx; app/cart/CartForm.tsx"
"UXの改善点","中","トップページバナー","バナーは自動スライドとスワイプに対応している","自動再生の一時停止や現在位置の説明が弱くアクセシビリティ上の負担がある","ページネーションドットにaria-labelを付け一時停止や手動送りの操作を明確にする","app/components/HomeBannerCarousel.tsx"
"UXの改善点","中","カート買取検索","検索は入力に追従するがヒット件数や絞り込み状態の説明が少ない","検索結果が0件の時に検索語かカテゴリか在庫のどれが原因か分かりにくい","検索結果件数と有効カテゴリと検索語を表示し条件クリアを置く","app/cart/CartForm.tsx"
"UXの改善点","中","カート買取検索","型番の分割検索には対応している","検索仕様が画面上からは分かりにくくユーザーが型番の一部検索に気付かない","プレースホルダーに例を入れる。例としてガルーラ 109 244を短く表示する","app/cart/CartForm.tsx"
"UXの改善点","中","カート買取カテゴリ","ポケモンとワンピースの有効化状態で表示カードを切り替える","両方OFFや片方のみONの状態が分かりにくい場合がある","ボタンをチェック付きトグルにし現在の有効カテゴリを明確にする","app/cart/CartForm.tsx"
"UXの改善点","高","カート買取申し込み","リストにない商品はこちらは価格0円で通常カードと同じカート構造に入る","買取合計や明細で無料商品に見え申し込み意図が伝わりにくい","専用リクエスト項目として別表示にし査定後価格確定であることを明記する","app/cart/CartForm.tsx; app/actions/orders.ts"
"UXの改善点","中","カート買取申し込み","数量を変更しても追加ボタンを押すまではカートに入らない","操作は正しいが数量選択と追加の関係がやや伝わりにくい","追加ボタンに選択数量を反映し追加時に短い確認アニメーションを出す","app/cart/CartForm.tsx"
"UXの改善点","中","カート買取申し込み","下部に固定カート導線がある","小さい画面では入力欄や送信ボタンを覆う可能性がある","safe-areaと十分な下余白を常時確保しフォーム末尾でも重ならないようにする","app/cart/CartForm.tsx"
"UXの改善点","中","カート買取画像拡大","表示中カード画像はバックグラウンドで読み込む","次ページや検索後に初めて出る画像は拡大時に待ちが出る可能性がある","表示中に加えて次ページ分を軽く先読みする。通信節約モードでは抑制する","app/cart/CartForm.tsx"
"UXの改善点","高","買取の流れリンク","買取の流れはNotionの仮URLに遷移する","本番導線として未完成でユーザーが正しい説明に到達できない","管理設定または環境変数で正式Notion URLを設定し未設定時は準備中にする","app/cart/CartForm.tsx"
"UXの改善点","中","ログイン前導線","カート買取ページは未ログインでも表示されるが申し込み時にログインが必要になる","購入体験の途中でログイン要求が発生し離脱しやすい","申し込み開始前にログインが必要であることを小さく明示しログイン後にカートを復元する","app/cart/page.tsx; app/cart/CartForm.tsx"
"UXの改善点","高","新規登録フォーム","登録フォームが基本情報から振込先まで1ページに長く並ぶ","スマホでもPCでも入力負荷が大きく途中離脱や入力ミスが起きやすい","基本情報・本人確認・連絡先・振込先のステップ式にして入力進捗を表示する","components/auth/RegisterForm.tsx"
"UXの改善点","中","銀行・支店検索","銀行と支店検索は外部APIとフォールバックリストで動作する","外部API失敗時に候補不足や選択できない印象を与える可能性がある","オフライン時の説明を出し候補がない場合は手入力申請を用意する","components/auth/RegisterForm.tsx"
"UXの改善点","中","マイページ・管理画面","一覧テーブルは横幅が広く横スクロール前提の画面がある","スマホや狭い画面では重要情報と操作が見切れやすい","一定幅以下ではカード型リストや詳細ドロワー表示に切り替える","app/admin/(protected)/orders/AdminOrdersTable.tsx; app/admin/(protected)/users/page.tsx"
"UXの改善点","中","管理画面取引","一覧上のステータスプルダウンで変更できる","保存成功の明示が弱くオペレーターが変更完了を判断しづらい","変更完了トーストと最終保存時刻を表示する","app/admin/(protected)/orders/AdminOrdersTable.tsx"
"UXの改善点","低","管理画面全般","黒背景の管理画面に統一されつつある","一部の白背景領域や古いスタイルが残ると画面の統一感が崩れる","管理画面専用の色トークンと共通カードコンポーネントを定義する","app/admin/(protected)/AdminShell.tsx; app/globals.css"
"システムの改善点","高","注文作成","注文作成時にクライアントから渡されたcard.buy_priceで合計金額と明細単価を計算している","ユーザーがローカルデータを改ざんすると買取価格やカード情報を不正に送れる","サーバー側でcard_idからpublic.cardsを再取得し価格と名称を確定する。リスト外商品は専用種別で扱う","app/actions/orders.ts"
"システムの改善点","高","注文作成","sampleカードやunlistedカードはcard_idをnullにして注文明細に保存している","サンプルデータが本番注文に混入した場合に実在カードとの区別が難しい","本番ではsampleカードを送信不可にしunlisted専用フラグと申告メモを保存する","app/actions/orders.ts; app/cart/CartForm.tsx"
"システムの改善点","高","CSV取込","CSVは独自の1行パーサーで解析している","改行を含む引用セルや複雑なCSVで取り込みミスが起きる可能性がある","実績のあるCSVパーサーを使いUTF-8 BOMとShift_JISも明示的に扱う","lib/admin/cardsCsvImport.ts; app/admin/(protected)/cards/actions.ts"
"システムの改善点","高","CSV画像取込","外部画像のダウンロードをCSV取込リクエスト内で順番に実行している","大量CSVではVercelやサーバーレスのタイムアウトに到達しやすい","キューまたはジョブテーブルに分離し管理画面は進捗ポーリングにする","lib/admin/cardsCsvImport.ts; app/api/admin/cards/import/route.ts"
"システムの改善点","高","CSV画像取込","外部URLはhttpとhttpsを受け付けfetchでリダイレクトを追っている","SSRFや社内IP向けアクセスなどのリスクが残る","プライベートIPとlocalhostを拒否し必要なら許可ドメイン制にする","lib/admin/cardsCsvImport.ts"
"システムの改善点","中","CSV画像取込","画像アップロード前にBucketを実行時作成する処理がある","本番権限や移行状態によって挙動が分かれ障害原因が追いにくい","Bucketはマイグレーションで必ず作成し実行時は存在チェックと分かりやすいエラーに絞る","lib/admin/cardsCsvImport.ts; app/admin/(protected)/cards/actions.ts; supabase/migrations/005_card_images.sql"
"システムの改善点","中","CSV画像取込","画像を先にダウンロードして最後にcardsへ一括insertしている","insert失敗時にStorage側へ孤児画像が残る可能性がある","DB insert失敗時のStorage削除ロールバックか画像アップロード前の入力検証を強化する","lib/admin/cardsCsvImport.ts"
"システムの改善点","中","カード管理","カード画像URLの重複は表示側で抑制している","データ品質の問題が永続化され管理側で検知しにくい","CSV取込と保存時に重複画像URLを警告し重複許可の理由を残す","app/components/HomeCardSection.tsx; app/cart/CartForm.tsx; app/admin/(protected)/cards/CardsAdminClient.tsx"
"システムの改善点","中","カード検索性能","カート買取ページはpublic.cardsを全件取得してクライアントで検索とページングをしている","カード数が増えると初回表示と検索が重くなる","サーバー側ページングと全文検索用RPCまたはAPIを用意する","app/cart/page.tsx; app/cart/CartForm.tsx"
"システムの改善点","中","画像通信量","カード一覧で表示中画像を事前読み込みしている","モバイル回線では通信量が増えやすい","saveDataや接続種別を見てプリロード量を調整しサムネイルサイズを使う","app/cart/CartForm.tsx"
"システムの改善点","高","PV計測","PV APIはservice roleでpage_viewsへinsertし30秒重複だけ抑制している","短時間連打やボットでDB書き込みが増える。service role経路なので防御が重要","IPを保存しない方針は維持しつつレート制限とUser-Agent除外と集計テーブルを追加する","app/api/page-view/route.ts; supabase/migrations/004_page_views.sql"
"システムの改善点","中","PV計測","PVのsession_idはsessionStorageに保存される","新しいタブやブラウザ再起動で別セッションになりPVが膨らみやすい","匿名CookieまたはlocalStorageに期限付きIDを置くかPVとセッションを別指標として扱う","app/components/PageViewTracker.tsx"
"システムの改善点","中","PV計測","page_viewsテーブルに保持期限がない","長期運用でテーブルが肥大化し管理画面集計が遅くなる","日次集計テーブルと生ログの保持期間を決めCronで削除する","supabase/migrations/004_page_views.sql; app/admin/(protected)/page.tsx"
"システムの改善点","高","管理画面ユーザー","ユーザー一覧はprofilesを80件まで取得しメールはauth.admin.getUserByIdをユーザーごとに呼ぶ","ユーザー数増加で遅くなり80件超が表示されない","ページネーションを追加しメールはprofiles側に同期または一覧APIでまとめて取得する","app/admin/(protected)/users/page.tsx"
"システムの改善点","中","管理画面取引","取引一覧は直近100件までを表示している","100件を超える注文が管理対象から漏れる可能性がある","ページネーションと検索フィルタを追加する","app/admin/(protected)/orders/page.tsx"
"システムの改善点","高","ステータス更新","ユーザー向け更新処理は前進のみだが管理画面のsetOrderStatusは任意のステータス変更を許している","誤操作で完了から受付へ戻すなど履歴や通知が不整合になる","許可する遷移ルールを一元化し戻し操作は確認と理由入力を必須にする","app/actions/orders.ts; app/admin/(protected)/orders/actions.ts; lib/types.ts"
"システムの改善点","中","メール通知","特定ステータスでメール通知を送っている","同じステータスへの再変更や戻し操作で重複送信が起きる可能性がある","order_status_logsに通知済みフラグを持たせ冪等に送信する","app/admin/(protected)/orders/actions.ts; app/actions/orders.ts; lib/email/send.ts"
"システムの改善点","中","Supabase設定","トップページはSupabase環境変数がない場合に空データで描画する","デプロイ設定漏れに気付きにくく本番で静かにコンテンツが消える","管理画面に環境チェックを出し本番では必須env不足を明示的にエラーにする","app/page.tsx; lib/supabase/admin.ts"
"システムの改善点","中","ストレージ権限","card-imagesバケットはpublicで公開される","カード画像としては問題ないが誤って個人情報画像を入れると公開される","カード画像用と本人確認画像用のUIとバケットを明確に分けMIMEとパス制約を強める","supabase/migrations/005_card_images.sql; supabase/migrations/005_identity_images_bucket.sql"
"システムの改善点","高","本人確認情報","プロフィールに本人確認画像URLや銀行情報を保持している","個人情報が多く監査ログやアクセス権の設計が重要になる","管理者操作ログと閲覧権限の分離と保持期間を定義する","supabase/migrations/001_init.sql; components/auth/RegisterForm.tsx"
"システムの改善点","中","テスト範囲","Vitestは一部の型と注文計算とメールテンプレート中心に見える","トップページやカート検索やCSV取込や管理ステータス更新の回帰を検知しにくい","PlaywrightまたはTesting Libraryで主要導線とCSV取込のテストを追加する","__tests__; app/cart/CartForm.tsx; lib/admin/cardsCsvImport.ts"
"システムの改善点","中","APIエラーハンドリング","一部の非同期送信は失敗を握りつぶしている","PVやメールなどの不具合が利用者には影響しない一方で運用者が気付きにくい","ユーザー非表示のままVercel LogsやSupabaseログに構造化エラーを残す","app/components/PageViewTracker.tsx; lib/email/send.ts"
"その他","高","本番リンク未確定","LINE査定・オンラインストア・買取の流れの正式URLが未確定","実装だけでは完了できない外部依存が残っている","公開前チェックリストに正式URL設定を入れる","app/page.tsx; app/cart/CartForm.tsx"
"その他","高","プライバシー・法務","PV計測と本人確認画像と銀行情報を扱う","プライバシーポリシーと社内運用ルールが実装と一致していないとリスクが高い","取得項目・利用目的・保持期間・削除依頼対応を文書化する","app/api/page-view/route.ts; supabase/migrations/001_init.sql"
"その他","中","ドキュメント","READMEがcreate-next-appの初期文面のまま残っている","開発者や運用者がセットアップ・管理者作成・Supabase移行手順を追いにくい","READMEをTCG ROYAL用に更新し.env・migration・admin作成・Vercel設定を明記する","README.md; .env.example; supabase/migrations"
"その他","中","運用監視","CSV取込や注文作成やステータス変更の運用監視が明示されていない","本番障害時にどこで失敗したか追いにくい","重要操作に構造化ログと管理画面の失敗履歴を追加する","app/api/admin/cards/import/route.ts; app/actions/orders.ts; app/admin/(protected)/orders/actions.ts"
"その他","中","アクセシビリティ","アイコンボタンやカルーセルやモーダルが多い","キーボード操作とスクリーンリーダーで使いづらい箇所が出やすい","aria-label・focus trap・Esc close・autoplay pauseを全モーダルとカルーセルで確認する","app/components/SiteHeader.tsx; app/components/HomeBannerCarousel.tsx; app/admin/(protected)/cards/CardsAdminClient.tsx"
"その他","低","SEO・SNS表示","メタデータやOG表示の作り込みは限定的に見える","共有時の見え方や検索流入で損をする可能性がある","トップ・カート買取・ログイン周辺のtitle description og:imageを整備する","app/layout.tsx; app/page.tsx"
"その他","中","データ移行","cardsやprofilesなどの初期データと運用データが増える前提になっている","バックアップやリストア手順がないと誤削除時に復旧しづらい","Supabaseバックアップ方針とCSVエクスポートを管理画面に追加する","supabase/migrations; app/admin/(protected)/cards; app/admin/(protected)/users"
"その他","低","ソースコメント","一部ファイルでPowerShell表示時にコメントが文字化けして見えることがある","実害は低いがエディタや端末によってレビューしづらい可能性がある","UTF-8を前提に.editorconfigを追加しコメント文字列を確認する","app/components/PageViewTracker.tsx; supabase/migrations"
"その他","中","デザインシステム","一般画面と管理画面でライト・ダーク・黒背景のルールが混在しやすい","今後の修正でまた表記揺れやテーマ戻りの問題が出る可能性がある","一般画面と管理画面のテーマ方針を定義し色と余白とボタンを共通化する","app/globals.css; app/components/ThemeProvider.tsx; app/admin/(protected)/AdminShell.tsx"
